{
  "__type__": "cc.AnimationClip",
  "_name": "9006 appear",
  "_objFlags": 0,
  "_rawFiles": null,
  "_duration": 0.18333333333333332,
  "sample": 60,
  "speed": 0.2,
  "wrapMode": 1,
  "curveData": {
    "comps": {
      "cc.Sprite": {}
    },
    "paths": {
      "body": {
        "comps": {
          "cc.Sprite": {
            "spriteFrame": [
              {
                "frame": 0,
                "value": {
                  "__uuid__": "23146add-b04c-4e4f-b47e-2bfc041fff57"
                }
              },
              {
                "frame": 0.016666666666666666,
                "value": {
                  "__uuid__": "2490b8bc-3e8f-4efb-b142-25d293d108a2"
                }
              },
              {
                "frame": 0.03333333333333333,
                "value": {
                  "__uuid__": "61f7e769-761a-4c25-9283-2c314c2014dd"
                }
              },
              {
                "frame": 0.05,
                "value": {
                  "__uuid__": "2beb7005-bf59-4336-9249-70765f8644ef"
                }
              },
              {
                "frame": 0.06666666666666667,
                "value": {
                  "__uuid__": "e5b33a5e-33a5-4084-9d4e-f63439704ad0"
                }
              },
              {
                "frame": 0.08333333333333333,
                "value": {
                  "__uuid__": "f5ae0533-30e4-4656-a6b5-5c7f0991c3d4"
                }
              },
              {
                "frame": 0.1,
                "value": {
                  "__uuid__": "b3608ac1-d3ca-4d48-94cb-2d667c9843cd"
                }
              },
              {
                "frame": 0.11666666666666667,
                "value": {
                  "__uuid__": "6e31e245-b6df-4c1c-9b0d-933a10b6f8c5"
                }
              },
              {
                "frame": 0.13333333333333333,
                "value": {
                  "__uuid__": "0112e1b6-c147-44d5-92e0-c27eafbb95fd"
                }
              },
              {
                "frame": 0.15,
                "value": {
                  "__uuid__": "a921c577-b667-4328-90b3-a832e228e6d9"
                }
              },
              {
                "frame": 0.16666666666666666,
                "value": {
                  "__uuid__": "8b1f04cb-daf7-47e8-a7d9-81d8141c89af"
                }
              }
            ]
          }
        }
      }
    }
  },
  "events": []
}