{
  "__type__": "cc.AnimationClip",
  "_name": "9006 walk",
  "_objFlags": 0,
  "_rawFiles": null,
  "_duration": 0.13333333333333333,
  "sample": 60,
  "speed": 0.2,
  "wrapMode": 2,
  "curveData": {
    "comps": {
      "cc.Sprite": {}
    },
    "paths": {
      "body": {
        "comps": {
          "cc.Sprite": {
            "spriteFrame": [
              {
                "frame": 0,
                "value": {
                  "__uuid__": "c4e0b246-4582-4ef2-8c4a-41c73a5f5586"
                }
              },
              {
                "frame": 0.016666666666666666,
                "value": {
                  "__uuid__": "11e0028f-b996-4128-8eb9-78952bfa0b47"
                }
              },
              {
                "frame": 0.03333333333333333,
                "value": {
                  "__uuid__": "918d782c-0c5f-43a7-872c-0822b6b4a138"
                }
              },
              {
                "frame": 0.05,
                "value": {
                  "__uuid__": "f4a96a57-8794-4155-803a-758c99d890d8"
                }
              },
              {
                "frame": 0.06666666666666667,
                "value": {
                  "__uuid__": "275b44b2-1c91-4600-bb43-784431e9fafc"
                }
              },
              {
                "frame": 0.08333333333333333,
                "value": {
                  "__uuid__": "ac43a0b2-b1e0-413a-bf6b-b8851dfd8f28"
                }
              },
              {
                "frame": 0.1,
                "value": {
                  "__uuid__": "d03b72a7-b057-4217-a4a0-1fc549856de9"
                }
              },
              {
                "frame": 0.11666666666666667,
                "value": {
                  "__uuid__": "48c60541-e31e-4e66-bf64-b3388921ec19"
                }
              }
            ]
          }
        }
      }
    }
  },
  "events": []
}