{
  "__type__": "cc.AnimationClip",
  "_name": "9003 walk",
  "_objFlags": 0,
  "_rawFiles": null,
  "_duration": 0.13333333333333333,
  "sample": 60,
  "speed": 0.2,
  "wrapMode": 2,
  "curveData": {
    "comps": {
      "cc.Sprite": {}
    },
    "props": {},
    "paths": {
      "animation attack": {
        "comps": {
          "cc.Sprite": {}
        }
      },
      "body": {
        "comps": {
          "cc.Sprite": {
            "spriteFrame": [
              {
                "frame": 0,
                "value": {
                  "__uuid__": "a9f3813e-ab1c-4e3c-b51d-53116a4daa95"
                }
              },
              {
                "frame": 0.016666666666666666,
                "value": {
                  "__uuid__": "0e15aaaf-5abf-4248-b8cb-e79ddead02ea"
                }
              },
              {
                "frame": 0.03333333333333333,
                "value": {
                  "__uuid__": "9ac0900c-716a-4fb5-a7b3-d21ad8b97aaf"
                }
              },
              {
                "frame": 0.05,
                "value": {
                  "__uuid__": "c76a36cf-4c65-4083-995f-6765876221ee"
                }
              },
              {
                "frame": 0.06666666666666667,
                "value": {
                  "__uuid__": "1443b60c-c338-4716-8aaf-89a5ad7f7a67"
                }
              },
              {
                "frame": 0.08333333333333333,
                "value": {
                  "__uuid__": "1ef719e4-087d-4b5f-95f1-89e752041fcf"
                }
              },
              {
                "frame": 0.1,
                "value": {
                  "__uuid__": "32e39b27-3132-451e-9172-1b14111115be"
                }
              },
              {
                "frame": 0.11666666666666667,
                "value": {
                  "__uuid__": "e39fd7e3-11f6-48a3-a542-03802935a053"
                }
              }
            ]
          }
        }
      }
    }
  },
  "events": []
}