{
  "__type__": "cc.SpriteAtlas",
  "_name": "array.plist",
  "_objFlags": 0,
  "_rawFiles": null,
  "_spriteFrames": {
    "0": {
      "__uuid__": "dba56757-0808-47db-9183-9503bbdbde9f"
    },
    "1": {
      "__uuid__": "b7dea64f-9605-4c1a-9e13-6964267da142"
    },
    "2": {
      "__uuid__": "17df37d1-4626-4110-b5a2-4ccdf8d74a59"
    },
    "3": {
      "__uuid__": "7f2499a1-2271-4cb2-935c-e0b32861ddec"
    },
    "4": {
      "__uuid__": "20efe904-ae03-4706-990d-b8149a041b74"
    },
    "5": {
      "__uuid__": "70a7f214-0e0f-4fa7-b3cc-dd3caaf79587"
    },
    "6": {
      "__uuid__": "a2bb303b-362b-4c26-97c0-40ab743866fb"
    },
    "7": {
      "__uuid__": "2e1bd60e-c6b2-4388-99cd-4a07c9f433c2"
    },
    "8": {
      "__uuid__": "0f0bc3dd-013e-4ef6-b8ee-ffe0fe4ebf57"
    },
    "9": {
      "__uuid__": "7fd05ddc-301d-4852-a8b8-c97ea52a5134"
    },
    "10": {
      "__uuid__": "845d4143-ef63-41db-b0bf-2d8042796e69"
    },
    "11": {
      "__uuid__": "df983264-5934-41fa-aae2-ca51f3c8140b"
    }
  }
}