{
  "__type__": "cc.AnimationClip",
  "_name": "New AnimationClip - 001",
  "_objFlags": 0,
  "_rawFiles": null,
  "_duration": 0.6833333333333333,
  "sample": 60,
  "speed": 1,
  "wrapMode": 2,
  "curveData": {
    "comps": {
      "cc.Sprite": {
        "spriteFrame": [
          {
            "frame": 0,
            "value": {
              "__uuid__": "5235ad13-575c-4586-a661-08ba0c286c55"
            }
          },
          {
            "frame": 0.08333333333333333,
            "value": {
              "__uuid__": "9e7cb326-2367-416a-a615-6a470aad1639"
            }
          },
          {
            "frame": 0.16666666666666666,
            "value": {
              "__uuid__": "032ab045-5b98-42fe-84d7-726760443ad4"
            }
          },
          {
            "frame": 0.25,
            "value": {
              "__uuid__": "b99c7c7f-c61f-4c45-be19-efb44ebe18fd"
            }
          },
          {
            "frame": 0.3333333333333333,
            "value": {
              "__uuid__": "905e0dfc-619f-4742-88de-675da4e5a10f"
            }
          },
          {
            "frame": 0.4166666666666667,
            "value": {
              "__uuid__": "7b379243-989e-4ff0-8a09-21db3c3443f7"
            }
          },
          {
            "frame": 0.5,
            "value": {
              "__uuid__": "42cde224-c35a-4abe-92b6-f0e1f5874b03"
            }
          },
          {
            "frame": 0.5833333333333334,
            "value": {
              "__uuid__": "2b94cc51-ff60-4eaf-804d-0c2eb1b07e3d"
            }
          },
          {
            "frame": 0.6666666666666666,
            "value": {
              "__uuid__": "2b94cc51-ff60-4eaf-804d-0c2eb1b07e3d"
            }
          }
        ]
      }
    }
  },
  "events": []
}