{
  "__type__": "cc.AnimationClip",
  "_name": "9006 attack",
  "_objFlags": 0,
  "_rawFiles": null,
  "_duration": 0.16666666666666666,
  "sample": 60,
  "speed": 0.3,
  "wrapMode": 1,
  "curveData": {
    "comps": {
      "cc.Sprite": {}
    },
    "props": {},
    "paths": {
      "body": {
        "comps": {
          "cc.Sprite": {
            "spriteFrame": [
              {
                "frame": 0,
                "value": {
                  "__uuid__": "c08bbf27-e197-4ea2-96ab-dec84c24a754"
                }
              },
              {
                "frame": 0.016666666666666666,
                "value": {
                  "__uuid__": "f2766ea5-a330-46b7-b41f-3b18b39d1050"
                }
              },
              {
                "frame": 0.03333333333333333,
                "value": {
                  "__uuid__": "25b93278-537f-4a2c-bf61-015599d7b578"
                }
              },
              {
                "frame": 0.05,
                "value": {
                  "__uuid__": "5f982753-201e-4f74-b0cc-56a948e16dae"
                }
              },
              {
                "frame": 0.06666666666666667,
                "value": {
                  "__uuid__": "1039a391-7a84-40b4-8e7d-a8717fe656f2"
                }
              },
              {
                "frame": 0.08333333333333333,
                "value": {
                  "__uuid__": "70329de9-1545-4224-9694-66de7ef79659"
                }
              },
              {
                "frame": 0.1,
                "value": {
                  "__uuid__": "cf153260-8b07-4b1b-b86d-98d65e9260a1"
                }
              },
              {
                "frame": 0.11666666666666667,
                "value": {
                  "__uuid__": "43de13c6-8460-45f3-8cf0-8d98b0902625"
                }
              },
              {
                "frame": 0.13333333333333333,
                "value": {
                  "__uuid__": "875a7bc8-20e9-4a0c-92b7-989cbf76f07a"
                }
              },
              {
                "frame": 0.15,
                "value": {
                  "__uuid__": "b6d6ad91-c88e-42fb-ba95-8bed4f7731f4"
                }
              }
            ]
          }
        }
      }
    }
  },
  "events": []
}