{
  "__type__": "cc.AnimationClip",
  "_name": "9003 appear",
  "_objFlags": 0,
  "_rawFiles": null,
  "_duration": 0.31666666666666665,
  "sample": 60,
  "speed": 0.15,
  "wrapMode": 0,
  "curveData": {
    "comps": {
      "cc.Sprite": {}
    },
    "paths": {
      "body": {
        "comps": {
          "cc.Sprite": {
            "spriteFrame": [
              {
                "frame": 0,
                "value": {
                  "__uuid__": "d17b39f7-0166-4b0d-9c46-5e50ac15850f"
                }
              },
              {
                "frame": 0.016666666666666666,
                "value": {
                  "__uuid__": "7ea889d6-b0f1-4cf4-abf6-d4088965088c"
                }
              },
              {
                "frame": 0.03333333333333333,
                "value": {
                  "__uuid__": "db5cb464-3317-40a7-a035-3f0fa703d155"
                }
              },
              {
                "frame": 0.05,
                "value": {
                  "__uuid__": "e720053f-04d1-4dca-9335-99c1b6284ec7"
                }
              },
              {
                "frame": 0.06666666666666667,
                "value": {
                  "__uuid__": "ba0540d2-42e5-45f6-928c-3f80ba1baa98"
                }
              },
              {
                "frame": 0.08333333333333333,
                "value": {
                  "__uuid__": "a089f9c4-7a07-4622-818a-5dab57afac0e"
                }
              },
              {
                "frame": 0.1,
                "value": {
                  "__uuid__": "06e16072-1470-42ee-a145-a82eb6ae5728"
                }
              },
              {
                "frame": 0.11666666666666667,
                "value": {
                  "__uuid__": "54844523-b7c1-451d-98f1-7e75ab4e37c4"
                }
              },
              {
                "frame": 0.13333333333333333,
                "value": {
                  "__uuid__": "cbb468f9-c1a6-4d3e-a738-a28117baa922"
                }
              },
              {
                "frame": 0.15,
                "value": {
                  "__uuid__": "c9d63957-e19e-4db8-9e47-ea22ff2f8cfa"
                }
              },
              {
                "frame": 0.16666666666666666,
                "value": {
                  "__uuid__": "6d661328-5afd-4725-a4c6-911a1e1e0923"
                }
              },
              {
                "frame": 0.18333333333333332,
                "value": {
                  "__uuid__": "6f8023c1-130b-4ba5-9783-9933d57c1265"
                }
              },
              {
                "frame": 0.2,
                "value": {
                  "__uuid__": "02f742a6-be26-42bb-8c1f-95a00d9a2176"
                }
              },
              {
                "frame": 0.21666666666666667,
                "value": {
                  "__uuid__": "dedf9218-5e07-4c72-b0d4-956d5db012e7"
                }
              },
              {
                "frame": 0.23333333333333334,
                "value": {
                  "__uuid__": "8c470622-ec65-4c3c-a83a-f1ed61fa2a6a"
                }
              },
              {
                "frame": 0.25,
                "value": {
                  "__uuid__": "3821c334-41d4-4f70-b2b3-3dec6887d775"
                }
              },
              {
                "frame": 0.26666666666666666,
                "value": {
                  "__uuid__": "b5886ca2-9fcb-40e1-b894-46410e08c3d0"
                }
              },
              {
                "frame": 0.2833333333333333,
                "value": {
                  "__uuid__": "88d521c2-3ac5-43c0-85d4-d49860921997"
                }
              },
              {
                "frame": 0.3,
                "value": {
                  "__uuid__": "df7aa774-eabc-4116-aa79-21e0bf6e5aa4"
                }
              }
            ]
          }
        }
      }
    }
  },
  "events": []
}