{
  "__type__": "cc.AnimationClip",
  "_name": "火球术箭头动画",
  "_objFlags": 0,
  "_rawFiles": null,
  "_duration": 0.2,
  "sample": 60,
  "speed": 0.3,
  "wrapMode": 2,
  "curveData": {
    "props": {},
    "comps": {
      "cc.Sprite": {
        "spriteFrame": [
          {
            "frame": 0,
            "value": {
              "__uuid__": "dba56757-0808-47db-9183-9503bbdbde9f"
            }
          },
          {
            "frame": 0.016666666666666666,
            "value": {
              "__uuid__": "b7dea64f-9605-4c1a-9e13-6964267da142"
            }
          },
          {
            "frame": 0.03333333333333333,
            "value": {
              "__uuid__": "17df37d1-4626-4110-b5a2-4ccdf8d74a59"
            }
          },
          {
            "frame": 0.05,
            "value": {
              "__uuid__": "7f2499a1-2271-4cb2-935c-e0b32861ddec"
            }
          },
          {
            "frame": 0.06666666666666667,
            "value": {
              "__uuid__": "20efe904-ae03-4706-990d-b8149a041b74"
            }
          },
          {
            "frame": 0.08333333333333333,
            "value": {
              "__uuid__": "70a7f214-0e0f-4fa7-b3cc-dd3caaf79587"
            }
          },
          {
            "frame": 0.1,
            "value": {
              "__uuid__": "a2bb303b-362b-4c26-97c0-40ab743866fb"
            }
          },
          {
            "frame": 0.11666666666666667,
            "value": {
              "__uuid__": "2e1bd60e-c6b2-4388-99cd-4a07c9f433c2"
            }
          },
          {
            "frame": 0.13333333333333333,
            "value": {
              "__uuid__": "0f0bc3dd-013e-4ef6-b8ee-ffe0fe4ebf57"
            }
          },
          {
            "frame": 0.15,
            "value": {
              "__uuid__": "7fd05ddc-301d-4852-a8b8-c97ea52a5134"
            }
          },
          {
            "frame": 0.16666666666666666,
            "value": {
              "__uuid__": "845d4143-ef63-41db-b0bf-2d8042796e69"
            }
          },
          {
            "frame": 0.18333333333333332,
            "value": {
              "__uuid__": "df983264-5934-41fa-aae2-ca51f3c8140b"
            }
          }
        ]
      }
    }
  },
  "events": []
}