{
  "__type__": "cc.AnimationClip",
  "_name": "9006 death",
  "_objFlags": 0,
  "_rawFiles": null,
  "_duration": 0.13333333333333333,
  "sample": 60,
  "speed": 0.2,
  "wrapMode": 1,
  "curveData": {
    "comps": {
      "cc.Sprite": {}
    },
    "paths": {
      "body": {
        "comps": {
          "cc.Sprite": {
            "spriteFrame": [
              {
                "frame": 0,
                "value": {
                  "__uuid__": "01b87599-b84e-4cd4-b988-f0d1895ac4c8"
                }
              },
              {
                "frame": 0.016666666666666666,
                "value": {
                  "__uuid__": "b84e1774-a824-4f27-870b-aed5421c46f1"
                }
              },
              {
                "frame": 0.03333333333333333,
                "value": {
                  "__uuid__": "8fe86483-af6c-4e5c-9161-3f26c88f3790"
                }
              },
              {
                "frame": 0.05,
                "value": {
                  "__uuid__": "55d7366b-0ae0-4830-b197-7c45e366e85d"
                }
              },
              {
                "frame": 0.06666666666666667,
                "value": {
                  "__uuid__": "a7ee9dc4-d352-4632-8f99-de4f7c01a79f"
                }
              },
              {
                "frame": 0.08333333333333333,
                "value": {
                  "__uuid__": "4e7f3d92-846f-43be-8a79-a996aa15c2e7"
                }
              },
              {
                "frame": 0.1,
                "value": {
                  "__uuid__": "591f9dda-8dfd-4511-ac40-a21f6a0c40da"
                }
              },
              {
                "frame": 0.11666666666666667,
                "value": {
                  "__uuid__": "a9daea45-2191-46df-bda8-d1fd88849f12"
                }
              }
            ]
          }
        }
      }
    }
  },
  "events": []
}