{
  "__type__": "cc.SpriteAtlas",
  "_name": "areaMagic.plist",
  "_objFlags": 0,
  "_rawFiles": null,
  "_spriteFrames": {
    "0": {
      "__uuid__": "b83a236d-070a-422a-b32b-422138ca9dbf"
    },
    "1": {
      "__uuid__": "010f7925-6601-42e0-9030-db60ecfba5e9"
    },
    "2": {
      "__uuid__": "159b37dc-e139-4d3a-87d7-92922fc28e4c"
    },
    "3": {
      "__uuid__": "fd658445-29c5-40ad-92d6-2cbc9788519e"
    },
    "4": {
      "__uuid__": "29042208-5c0d-4f2e-afff-3ed9f517c185"
    },
    "5": {
      "__uuid__": "199a054b-2a83-482a-9296-9421ef0c9fbc"
    },
    "6": {
      "__uuid__": "fd2140c8-0622-4fab-8926-d50471ee5449"
    },
    "7": {
      "__uuid__": "ed4d6cba-f1e7-4fd9-a70d-d39a6cdfa1dd"
    },
    "8": {
      "__uuid__": "23cf9a1a-07f8-48d1-bea3-78817d9967d8"
    },
    "9": {
      "__uuid__": "f8392dc9-49d2-4488-91cd-eddcc6810f2b"
    },
    "10": {
      "__uuid__": "88817025-0e73-4d32-9449-5d2c9612396e"
    },
    "11": {
      "__uuid__": "5c46f93a-7332-4adf-8374-60c9adc7d069"
    },
    "12": {
      "__uuid__": "6ff50361-a472-4d22-a37a-9dd965ce5329"
    },
    "13": {
      "__uuid__": "061333ba-890d-4750-b517-664acfd3c821"
    },
    "14": {
      "__uuid__": "e31bdd36-6cd5-414b-aeda-2d730705d784"
    },
    "15": {
      "__uuid__": "b0ef5324-9179-42aa-a354-99ec2126ff09"
    },
    "16": {
      "__uuid__": "9b73638b-7bb5-40fe-8384-21a5e1aef172"
    },
    "17": {
      "__uuid__": "a0234dfb-f26f-4e0f-a5be-a5519ccf00ff"
    }
  }
}