{
  "__type__": "cc.SpriteAtlas",
  "_name": "9003.plist",
  "_objFlags": 0,
  "_rawFiles": null,
  "_spriteFrames": {
    "9005_appear_00": {
      "__uuid__": "d17b39f7-0166-4b0d-9c46-5e50ac15850f"
    },
    "9005_appear_01": {
      "__uuid__": "7ea889d6-b0f1-4cf4-abf6-d4088965088c"
    },
    "9005_appear_02": {
      "__uuid__": "db5cb464-3317-40a7-a035-3f0fa703d155"
    },
    "9005_appear_03": {
      "__uuid__": "e720053f-04d1-4dca-9335-99c1b6284ec7"
    },
    "9005_appear_04": {
      "__uuid__": "ba0540d2-42e5-45f6-928c-3f80ba1baa98"
    },
    "9005_appear_05": {
      "__uuid__": "a089f9c4-7a07-4622-818a-5dab57afac0e"
    },
    "9005_appear_06": {
      "__uuid__": "06e16072-1470-42ee-a145-a82eb6ae5728"
    },
    "9005_appear_07": {
      "__uuid__": "54844523-b7c1-451d-98f1-7e75ab4e37c4"
    },
    "9005_appear_08": {
      "__uuid__": "cbb468f9-c1a6-4d3e-a738-a28117baa922"
    },
    "9005_appear_09": {
      "__uuid__": "c9d63957-e19e-4db8-9e47-ea22ff2f8cfa"
    },
    "9005_appear_10": {
      "__uuid__": "6d661328-5afd-4725-a4c6-911a1e1e0923"
    },
    "9005_appear_11": {
      "__uuid__": "6f8023c1-130b-4ba5-9783-9933d57c1265"
    },
    "9005_appear_12": {
      "__uuid__": "02f742a6-be26-42bb-8c1f-95a00d9a2176"
    },
    "9005_appear_13": {
      "__uuid__": "dedf9218-5e07-4c72-b0d4-956d5db012e7"
    },
    "9005_appear_14": {
      "__uuid__": "8c470622-ec65-4c3c-a83a-f1ed61fa2a6a"
    },
    "9005_appear_15": {
      "__uuid__": "3821c334-41d4-4f70-b2b3-3dec6887d775"
    },
    "9005_appear_16": {
      "__uuid__": "b5886ca2-9fcb-40e1-b894-46410e08c3d0"
    },
    "9005_appear_17": {
      "__uuid__": "88d521c2-3ac5-43c0-85d4-d49860921997"
    },
    "9005_appear_18": {
      "__uuid__": "df7aa774-eabc-4116-aa79-21e0bf6e5aa4"
    },
    "9005_appear_19": {
      "__uuid__": "e26d64f2-73d7-4f4d-9d6b-c28c923461d7"
    },
    "9005_down_01": {
      "__uuid__": "4163a50d-5eeb-40e7-abdd-1b208dfac730"
    },
    "9005_down_02": {
      "__uuid__": "f5c701a6-34bd-43e0-9bc1-31d40b937f3a"
    },
    "9005_down_03": {
      "__uuid__": "ade3fbdf-5908-4022-a5b0-3345ce46ac62"
    },
    "9005_down_04": {
      "__uuid__": "d182b4e6-357e-4a0a-9c80-49e56be7d61c"
    },
    "9005_down_05": {
      "__uuid__": "574b1aa3-800a-4e78-9ec9-c7690f83361d"
    },
    "9005_down_06": {
      "__uuid__": "94b0d32a-f364-487a-b309-9fbcbcbc7461"
    },
    "9005_down_07": {
      "__uuid__": "39887eba-5bd1-4808-ab38-3f395b2c5097"
    },
    "9005_down_08": {
      "__uuid__": "1ef2ada4-f25a-45c9-9842-ba82347f988f"
    },
    "9005_hurt_01": {
      "__uuid__": "e4579140-0ba5-4a4a-b44b-c020600af0a6"
    },
    "9005_hurt_02": {
      "__uuid__": "05dc3629-c5dd-4b01-af53-f4e23b516227"
    },
    "9005_hurt_03": {
      "__uuid__": "a5967477-c47f-4d00-991a-0e9115749fac"
    },
    "9005_hurt_04": {
      "__uuid__": "70db1669-0700-4dc7-8435-1ffb581e03e5"
    },
    "9005_hurt_05": {
      "__uuid__": "3517404c-30ac-46d9-ad4b-8f23eb5139c8"
    },
    "9005_idle_01": {
      "__uuid__": "a9f3813e-ab1c-4e3c-b51d-53116a4daa95"
    },
    "9005_idle_02": {
      "__uuid__": "0e15aaaf-5abf-4248-b8cb-e79ddead02ea"
    },
    "9005_idle_03": {
      "__uuid__": "9ac0900c-716a-4fb5-a7b3-d21ad8b97aaf"
    },
    "9005_idle_04": {
      "__uuid__": "c76a36cf-4c65-4083-995f-6765876221ee"
    },
    "9005_idle_05": {
      "__uuid__": "1443b60c-c338-4716-8aaf-89a5ad7f7a67"
    },
    "9005_idle_06": {
      "__uuid__": "1ef719e4-087d-4b5f-95f1-89e752041fcf"
    },
    "9005_idle_07": {
      "__uuid__": "32e39b27-3132-451e-9172-1b14111115be"
    },
    "9005_idle_08": {
      "__uuid__": "e39fd7e3-11f6-48a3-a542-03802935a053"
    }
  }
}