{
  "__type__": "cc.SpriteAtlas",
  "_name": "boom.plist",
  "_objFlags": 0,
  "_rawFiles": null,
  "_spriteFrames": {
    "0": {
      "__uuid__": "1d0fda71-51bb-4753-a946-5878584c6ae7"
    },
    "1": {
      "__uuid__": "23b3581e-e170-4a68-9ef0-a82a1bfca6ae"
    },
    "2": {
      "__uuid__": "7f914bee-a212-4a87-ab97-56a1613a30b6"
    },
    "3": {
      "__uuid__": "5eaca6e4-2839-459e-b7bd-452138a9ecf8"
    },
    "4": {
      "__uuid__": "07e68e9b-8434-4fb4-8671-6b62cd4c7ce3"
    },
    "5": {
      "__uuid__": "9576ec5b-692d-425c-aaea-5989077b70db"
    },
    "6": {
      "__uuid__": "3e5492e3-5985-4b83-8d96-0a234df0cf6e"
    },
    "7": {
      "__uuid__": "0347d85c-a873-484a-b112-0439c2079b3a"
    },
    "8": {
      "__uuid__": "4549a328-746a-4fde-93cb-d1f80af1587d"
    },
    "9": {
      "__uuid__": "5860d7da-62f7-4f36-b6bd-8dd42c9cbb5e"
    },
    "10": {
      "__uuid__": "a0961db2-d0ec-4562-9c66-38a4840c9bd5"
    },
    "11": {
      "__uuid__": "308c4521-dea3-4c46-baf2-d75172d42354"
    },
    "12": {
      "__uuid__": "6d69b605-6536-4ce8-aff7-5c0d809ad44b"
    },
    "13": {
      "__uuid__": "2502b4cc-e4dd-43d1-8229-d266a97b4c4b"
    }
  }
}