[
  {
    "__type__": "cc.Prefab",
    "_name": "MapFog",
    "_objFlags": 0,
    "_rawFiles": null,
    "data": {
      "__id__": 1
    },
    "asyncLoadAssets": false
  },
  {
    "__type__": "cc.Node",
    "_name": "Fog",
    "_objFlags": 0,
    "_parent": null,
    "_children": [],
    "_tag": -1,
    "_active": true,
    "_components": [
      {
        "__id__": 2
      }
    ],
    "_prefab": {
      "__id__": 3
    },
    "_id": "",
    "_opacity": 255,
    "_color": {
      "__type__": "cc.Color",
      "r": 104,
      "g": 0,
      "b": 0,
      "a": 255
    },
    "_cascadeOpacityEnabled": true,
    "_anchorPoint": {
      "__type__": "cc.Vec2",
      "x": 0.5,
      "y": 0.5
    },
    "_contentSize": {
      "__type__": "cc.Size",
      "width": 5,
      "height": 50
    },
    "_rotationX": 0,
    "_rotationY": 0,
    "_scaleX": 1,
    "_scaleY": 1,
    "_position": {
      "__type__": "cc.Vec2",
      "x": 1143,
      "y": 0
    },
    "_skewX": 0,
    "_skewY": 0,
    "_localZOrder": 0,
    "_globalZOrder": 0,
    "_opacityModifyRGB": false,
    "groupIndex": 4
  },
  {
    "__type__": "cc.Sprite",
    "_name": "",
    "_objFlags": 0,
    "node": {
      "__id__": 1
    },
    "_enabled": true,
    "_spriteFrame": {
      "__uuid__": "b4be1a2d-0c29-4f14-8038-fe39424f79b9"
    },
    "_type": 0,
    "_sizeMode": 0,
    "_fillType": 0,
    "_fillCenter": {
      "__type__": "cc.Vec2",
      "x": 0,
      "y": 0
    },
    "_fillStart": 0,
    "_fillRange": 0,
    "_isTrimmedMode": true,
    "_srcBlendFactor": 770,
    "_dstBlendFactor": 771,
    "_atlas": null
  },
  {
    "__type__": "cc.PrefabInfo",
    "root": {
      "__id__": 1
    },
    "asset": {
      "__uuid__": "05bd5578-ad72-483e-9d96-291a997458dc"
    },
    "fileId": "8fcjqSOWND+amexpIp2onY",
    "sync": false
  }
]