{
  "__type__": "cc.SpriteAtlas",
  "_name": "900501.plist",
  "_objFlags": 0,
  "_rawFiles": null,
  "_spriteFrames": {
    "900501_01": {
      "__uuid__": "44202be7-0b22-49c8-bfe4-1bddd7b8529d"
    },
    "900501_02": {
      "__uuid__": "ce12446f-2c41-4ca3-b8ca-87f1d452c5e6"
    },
    "900501_03": {
      "__uuid__": "1c35be33-4460-4bf6-bc3c-408ad8dfd663"
    },
    "900501_04": {
      "__uuid__": "494c778d-c61d-4f5f-9040-b66114462629"
    },
    "900501_05": {
      "__uuid__": "f9a7a090-5144-402e-86b2-aae02e9aef74"
    },
    "900501_06": {
      "__uuid__": "dc1543d5-4669-43b9-878d-d6a7233680a3"
    },
    "900501_07": {
      "__uuid__": "477268d3-3bf6-40c7-bdb0-7e6adbe1c79e"
    },
    "900501_08": {
      "__uuid__": "37939cfa-efed-4a33-9a92-ffd7afd7f89b"
    },
    "900501_09": {
      "__uuid__": "926e365f-801f-4eef-8429-d2acbbf6b205"
    },
    "900501_10": {
      "__uuid__": "4f249a8c-9e99-40f6-935f-8980f3cc00b0"
    },
    "900501_11": {
      "__uuid__": "e0cdf2f1-779d-46ed-bb95-a1444ce25050"
    },
    "900501_12": {
      "__uuid__": "a1d2c752-e1c7-4bd5-80d9-fd0723f56f40"
    },
    "900501_13": {
      "__uuid__": "ff6d237c-53b8-4492-ac59-8260eef15aea"
    },
    "900501_impact_01": {
      "__uuid__": "b3e13b13-1ad5-457d-86a1-9f363a0c86fa"
    },
    "900501_impact_02": {
      "__uuid__": "61d89bc7-c3bc-4e66-b3ed-c7844da19ea1"
    },
    "900501_impact_03": {
      "__uuid__": "5a553f3e-9338-4aa0-a2bf-df7c84c8a12c"
    },
    "900501_impact_04": {
      "__uuid__": "361002fe-d273-4e34-bb57-efe1ee2e6d03"
    },
    "900501_impact_05": {
      "__uuid__": "2bb19091-e79b-446d-bc79-69c8f4df41b6"
    },
    "900501_impact_06": {
      "__uuid__": "c67f0ea8-8640-4d46-a9b0-89a10703eb80"
    },
    "900501_impact_07": {
      "__uuid__": "ed3df773-95b9-4c23-9211-85027e5f2d5f"
    },
    "900501_pjt_01": {
      "__uuid__": "23849c63-cff9-4a39-8f69-00868722c619"
    },
    "900501_pjt_02": {
      "__uuid__": "6c5d1a1e-3f52-4afc-a290-43f676d1792a"
    },
    "900501_pjt_03": {
      "__uuid__": "44c3edba-b9e6-4aad-9a32-eae8812d38ea"
    },
    "900501_pjt_04": {
      "__uuid__": "b1058182-01a3-4761-ae36-d2a3b5483814"
    }
  }
}