{
  "__type__": "cc.AnimationClip",
  "_name": "浮动",
  "_objFlags": 0,
  "_rawFiles": null,
  "_duration": 0.6666666666666666,
  "sample": 60,
  "speed": 0.3,
  "wrapMode": 2,
  "curveData": {
    "props": {
      "y": [
        {
          "frame": 0,
          "value": 160
        },
        {
          "frame": 0.16666666666666666,
          "value": 180
        },
        {
          "frame": 0.3333333333333333,
          "value": 160
        },
        {
          "frame": 0.5,
          "value": 140
        },
        {
          "frame": 0.6666666666666666,
          "value": 160
        }
      ]
    }
  },
  "events": []
}