{
  "__type__": "cc.AnimationClip",
  "_name": "9003 attack",
  "_objFlags": 0,
  "_rawFiles": null,
  "_duration": 0.21666666666666667,
  "sample": 60,
  "speed": 0.2,
  "wrapMode": 1,
  "curveData": {
    "comps": {
      "cc.Sprite": {}
    },
    "paths": {
      "body": {
        "comps": {
          "cc.Sprite": {
            "spriteFrame": [
              {
                "frame": 0,
                "value": {
                  "__uuid__": "44202be7-0b22-49c8-bfe4-1bddd7b8529d"
                }
              },
              {
                "frame": 0.016666666666666666,
                "value": {
                  "__uuid__": "ce12446f-2c41-4ca3-b8ca-87f1d452c5e6"
                }
              },
              {
                "frame": 0.03333333333333333,
                "value": {
                  "__uuid__": "1c35be33-4460-4bf6-bc3c-408ad8dfd663"
                }
              },
              {
                "frame": 0.05,
                "value": {
                  "__uuid__": "494c778d-c61d-4f5f-9040-b66114462629"
                }
              },
              {
                "frame": 0.06666666666666667,
                "value": {
                  "__uuid__": "f9a7a090-5144-402e-86b2-aae02e9aef74"
                }
              },
              {
                "frame": 0.08333333333333333,
                "value": {
                  "__uuid__": "dc1543d5-4669-43b9-878d-d6a7233680a3"
                }
              },
              {
                "frame": 0.1,
                "value": {
                  "__uuid__": "477268d3-3bf6-40c7-bdb0-7e6adbe1c79e"
                }
              },
              {
                "frame": 0.11666666666666667,
                "value": {
                  "__uuid__": "37939cfa-efed-4a33-9a92-ffd7afd7f89b"
                }
              },
              {
                "frame": 0.13333333333333333,
                "value": {
                  "__uuid__": "926e365f-801f-4eef-8429-d2acbbf6b205"
                }
              },
              {
                "frame": 0.15,
                "value": {
                  "__uuid__": "4f249a8c-9e99-40f6-935f-8980f3cc00b0"
                }
              },
              {
                "frame": 0.16666666666666666,
                "value": {
                  "__uuid__": "e0cdf2f1-779d-46ed-bb95-a1444ce25050"
                }
              },
              {
                "frame": 0.18333333333333332,
                "value": {
                  "__uuid__": "a1d2c752-e1c7-4bd5-80d9-fd0723f56f40"
                }
              },
              {
                "frame": 0.2,
                "value": {
                  "__uuid__": "ff6d237c-53b8-4492-ac59-8260eef15aea"
                }
              }
            ]
          }
        }
      }
    }
  },
  "events": []
}