{
  "__type__": "cc.SpriteAtlas",
  "_name": "1001.plist",
  "_objFlags": 0,
  "_rawFiles": null,
  "_spriteFrames": {
    "1001_down_01": {
      "__uuid__": "a39565d6-550b-43e1-9bd5-1f743d4829a3"
    },
    "1001_down_02": {
      "__uuid__": "205b84ac-ad4e-4047-b250-ce85f2602a0f"
    },
    "1001_down_03": {
      "__uuid__": "14d2dea3-d152-4a46-99ea-5b85fb93a244"
    },
    "1001_down_04": {
      "__uuid__": "a560d923-34d7-4789-a925-e9c0f75d9f39"
    },
    "1001_down_05": {
      "__uuid__": "9c83a6e3-e9bc-48ce-9c65-3efcfebd2635"
    },
    "1001_down_06": {
      "__uuid__": "a2ce34d1-9329-4835-a4ef-5822b5f7bbf0"
    },
    "1001_down_07": {
      "__uuid__": "dbb62e96-7cad-4fc4-92a4-a34e0e3b183b"
    },
    "1001_down_08": {
      "__uuid__": "97f91b20-3007-4549-8fc6-ab849732db0f"
    },
    "1001_down_09": {
      "__uuid__": "df86d101-8387-4ad9-8118-58f09eaeed5b"
    },
    "1001_down_10": {
      "__uuid__": "95b00985-90ed-44ae-bdb3-0be2fd4cb10d"
    },
    "1001_hurt_01": {
      "__uuid__": "b59459eb-d7af-4643-8d80-e5340f491c07"
    },
    "1001_hurt_02": {
      "__uuid__": "d0a444b5-6bec-42c5-81a7-90e78568fff1"
    },
    "1001_hurt_03": {
      "__uuid__": "252a1555-dfc0-46db-81a5-641d4078c379"
    },
    "1001_hurt_04": {
      "__uuid__": "acef0876-dd00-464c-b6c3-58b1cda6a71c"
    },
    "1001_idle_01": {
      "__uuid__": "75a2e6dd-16ea-41d7-a100-0e2393a90f16"
    },
    "1001_idle_02": {
      "__uuid__": "906dfaf3-0652-4a3a-9d3e-2b39d887e4a6"
    },
    "1001_idle_03": {
      "__uuid__": "db79d59a-dd68-4353-a61c-1dd7e15627c9"
    },
    "1001_idle_04": {
      "__uuid__": "2933cd76-686d-4b69-99ad-37102921fec3"
    },
    "1001_idle_05": {
      "__uuid__": "a64f461c-42b6-4c09-93a6-74c704b67072"
    },
    "1001_idle_06": {
      "__uuid__": "d345b2cb-9814-4122-a056-a46642877d15"
    },
    "1001_idle_07": {
      "__uuid__": "96b5692f-f3f9-49f3-9de2-e6133936e880"
    },
    "1001_idle_08": {
      "__uuid__": "2fc5d303-ce7d-4a9b-a206-8176e5d3cf93"
    },
    "1001_victory_01": {
      "__uuid__": "6803696f-0293-4206-ae03-f7b5d3b8db32"
    },
    "1001_victory_02": {
      "__uuid__": "ccbb87eb-9cc4-4d42-a720-edc899c99b8e"
    },
    "1001_victory_03": {
      "__uuid__": "343f1097-16a8-4297-81ca-1e27e5282753"
    },
    "1001_victory_04": {
      "__uuid__": "18523171-6a77-494a-88df-8be7a686996c"
    },
    "1001_victory_05": {
      "__uuid__": "c08364a8-8bb8-4546-8e95-1dd0a54dc7cf"
    },
    "1001_victory_06": {
      "__uuid__": "2a996000-7b23-449c-a6ba-be7d8ad3f1c9"
    },
    "1001_walk_01": {
      "__uuid__": "5235ad13-575c-4586-a661-08ba0c286c55"
    },
    "1001_walk_02": {
      "__uuid__": "9e7cb326-2367-416a-a615-6a470aad1639"
    },
    "1001_walk_03": {
      "__uuid__": "032ab045-5b98-42fe-84d7-726760443ad4"
    },
    "1001_walk_04": {
      "__uuid__": "b99c7c7f-c61f-4c45-be19-efb44ebe18fd"
    },
    "1001_walk_05": {
      "__uuid__": "905e0dfc-619f-4742-88de-675da4e5a10f"
    },
    "1001_walk_06": {
      "__uuid__": "7b379243-989e-4ff0-8a09-21db3c3443f7"
    },
    "1001_walk_07": {
      "__uuid__": "42cde224-c35a-4abe-92b6-f0e1f5874b03"
    },
    "1001_walk_08": {
      "__uuid__": "2b94cc51-ff60-4eaf-804d-0c2eb1b07e3d"
    }
  }
}